CAR/MDD,Percent of 10D Avg,NR Days,
1.66,0.2,2
1.49,0.25,3
1.48,0.25,6
1.36,0.2,6
1.35,0.25,2
1.27,0.2,3
1.26,0.35,2
1.24,0.2,4
1.20,0.3,2
1.18,0.2,5
1.18,0.25,7
1.18,0.15,2
1.11,0.25,4
1.10,0.2,7
1.06,0.2,8
1.04,0.25,5
0.91,0.15,3
0.88,0.3,3
0.85,0.2,9
0.83,0.4,2
0.83,0.3,6
0.83,0.3,5
0.82,0.35,3
0.80,0.1,3
0.78,0.3,4
0.78,0.25,8
0.76,0.25,9
0.75,0.15,5
0.75,0.2,11
0.73,0.2,10
0.72,0.1,2
0.69,0.3,7
0.69,0.25,10
0.68,0.1,4
0.67,0.15,4
0.64,0.15,6
0.64,0.35,4
0.64,0.3,8
0.64,0.2,12
0.63,0.1,5
0.58,0.45,2
0.55,0.15,7
0.54,0.4,3
0.53,0.1,6
0.52,0.35,6
0.50,0.35,5
0.48,0.1,8
0.48,0.25,11
0.48,0.2,13
0.46,0.4,4
0.45,0.5,2
0.45,0.15,8
0.45,0.1,7
0.44,0.35,7
0.44,0.1,9
0.43,0.45,3
0.43,0.3,10
0.43,0.5,3
0.43,0.25,12
0.43,0.3,9
0.42,0.1,10
0.40,0.15,9
0.40,0.45,4
0.39,0.15,10
0.38,0.25,13
0.38,0.4,5
0.37,0.1,11
0.36,0.1,12
0.36,0.4,6
0.36,0.35,8
0.36,0.55,2
0.35,0.2,14
0.34,0.45,6
0.33,0.3,13
0.33,0.3,12
0.32,0.3,11
0.32,0.15,11
0.32,0.45,5
0.31,0.1,13
0.31,0.55,3
0.31,0.5,4
0.31,0.15,12
0.29,0.25,14
0.28,0.2,15
0.27,0.1,15
0.27,0.3,14
0.27,0.1,14
0.26,0.15,13
0.25,0.55,4
0.24,0.15,14
0.24,0.6,2
0.23,0.35,10
0.23,0.15,15
0.23,0.3,15
0.23,0.65,2
0.22,0.5,6
0.22,0.7,2
0.22,0.25,15
0.21,0.75,2
0.20,0.55,6
0.20,0.5,5
0.20,0.6,3
0.20,0.35,9
0.19,0.35,11
0.18,0.4,7
0.18,0.6,4
0.18,0.35,12
0.18,0.35,13
0.16,0.7,3
0.16,0.65,3
0.14,0.35,14
0.14,0.45,7
0.14,0.4,8
0.14,0.55,5
0.12,0.65,4
0.12,0.35,15
0.12,0.8,2
0.12,0.4,10
0.11,0.75,3
0.11,0.7,4
0.10,0.45,8
0.10,0.4,9
0.10,0.75,4
0.09,0.4,12
0.09,0.4,11
0.09,0.45,10
0.08,0.8,4
0.08,0.95,2
0.08,0.4,13
0.08,0.5,7
0.07,0.95,4
0.07,0.8,3
0.07,0.45,12
0.07,0.45,9
0.07,0.6,6
0.07,0.75,6
0.07,0.7,6
0.06,0.55,7
0.06,0.45,11
0.05,1,2
0.05,0.9,4
0.05,0.4,14
0.05,0.8,6
0.04,0.85,2
0.04,0.75,5
0.04,0.5,8
0.04,0.95,3
0.04,0.8,5
0.04,0.5,10
0.04,0.9,2
0.03,0.85,4
0.03,0.65,6
0.03,1,4
0.03,0.4,15
0.03,0.95,6
0.03,0.45,13
0.02,0.6,5
0.02,0.5,9
0.02,0.7,5
0.02,0.95,5
0.02,0.9,3
0.01,0.85,3
0.01,0.6,7
0.01,1,3
0.01,0.55,10
0.01,0.5,12
0.01,0.55,9
0.01,0.55,8
0.01,0.85,5
0.01,0.85,6
0.01,0.9,6
-0.00,0.65,5
0.00,0.5,11
0.00,1,5
-0.00,0.9,5
-0.00,1,6
-0.00,0.8,7
-0.00,0.75,7
-0.01,0.7,7
-0.01,0.45,14
-0.01,0.95,7
-0.01,0.6,10
-0.01,0.8,8
-0.01,0.55,12
-0.02,0.95,10
-0.02,0.55,11
-0.02,0.95,9
-0.02,0.6,12
-0.02,0.95,8
-0.02,1,10
-0.02,0.8,9
-0.02,0.6,9
-0.02,0.5,13
-0.02,0.75,12
-0.02,0.65,10
-0.02,0.75,8
-0.02,1,9
-0.02,0.65,12
-0.02,0.45,15
-0.02,0.6,8
-0.02,0.65,7
-0.03,0.95,11
-0.03,0.8,12
-0.03,0.7,10
-0.03,0.75,10
-0.03,0.6,11
-0.03,0.8,10
-0.03,1,7
-0.03,1,11
-0.03,0.65,8
-0.03,0.65,11
-0.03,0.65,9
-0.03,1,12
-0.03,0.7,12
-0.03,0.95,12
-0.03,0.7,9
-0.03,0.75,9
-0.03,1,8
-0.03,0.7,8
-0.03,0.75,11
-0.03,0.55,13
-0.04,0.95,15
-0.04,1,15
-0.04,1,14
-0.04,0.95,14
-0.04,0.55,14
-0.04,0.7,11
-0.04,0.8,11
-0.04,0.9,7
-0.04,1,13
-0.04,0.95,13
-0.04,0.9,9
-0.04,0.75,13
-0.04,0.6,13
-0.04,0.65,13
-0.04,0.5,14
-0.04,0.85,7
-0.04,0.9,8
-0.04,0.85,9
-0.04,0.85,8
-0.05,0.9,12
-0.05,0.9,13
-0.05,0.8,13
-0.05,0.85,10
-0.05,0.75,15
-0.05,0.85,12
-0.05,0.7,13
-0.05,0.9,11
-0.05,0.5,15
-0.05,0.9,15
-0.05,0.75,14
-0.05,0.6,15
-0.05,0.9,10
-0.05,0.8,14
-0.05,0.85,11
-0.05,0.6,14
-0.05,0.65,14
-0.05,0.7,14
-0.05,0.55,15
-0.06,0.85,13
-0.06,0.9,14
-0.06,0.8,15
-0.06,0.85,14
-0.06,0.65,15
-0.06,0.7,15
-0.06,0.85,15
